Created Date (group),Anticipated Start Term Year (group),Region,Month of Created Date,Month of Created Date,Inquiry,ApplieComplete App,Incomplete App,Admitted,Confirmed,Enrolled
Contract 16,Fall 2016 ,Connecticut,November,15-Nov,1,0,0,0,0,0
Contract 16,Fall 2016 ,Connecticut,January,16-Jan,3,1,0,1,0,0
Contract 16,Fall 2016 ,Connecticut,March,16-Mar,6,0,1,0,0,0
Contract 16,Fall 2016 ,Connecticut,May,16-May,4,0,0,0,0,0
Contract 16,Fall 2016 ,Connecticut,June,16-Jun,1,0,0,0,0,0
Contract 16,Fall 2016 ,Connecticut,July,16-Jul,1,0,0,0,0,0
Contract 16,Fall 2016 ,Maine,November,15-Nov,24,18,1,18,8,6
Contract 16,Fall 2016 ,Maine,December,15-Dec,11,5,0,5,3,2
Contract 16,Fall 2016 ,Maine,January,16-Jan,10,5,0,5,1,1
Contract 16,Fall 2016 ,Maine,February,16-Feb,7,0,0,0,0,0
Contract 16,Fall 2016 ,Maine,March,16-Mar,5,0,0,0,0,0
Contract 16,Fall 2016 ,Maine,April,16-Apr,3,1,0,1,1,1
Contract 16,Fall 2016 ,Maine,May,16-May,3,0,0,0,0,0
Contract 16,Fall 2016 ,Maine,June,16-Jun,2,0,0,0,0,0
Contract 16,Fall 2016 ,Maine,July,16-Jul,4,1,0,1,1,1
Contract 16,Fall 2016 ,Massachusetts,November,15-Nov,12,6,1,5,0,0
Contract 16,Fall 2016 ,Massachusetts,December,15-Dec,4,0,1,0,0,0
Contract 16,Fall 2016 ,Massachusetts,January,16-Jan,8,0,0,0,0,0
Contract 16,Fall 2016 ,Massachusetts,February,16-Feb,5,1,0,1,0,0
Contract 16,Fall 2016 ,Massachusetts,March,16-Mar,4,0,0,0,0,0
Contract 16,Fall 2016 ,Massachusetts,April,16-Apr,1,0,0,0,0,0
Contract 16,Fall 2016 ,Massachusetts,May,16-May,1,0,0,0,0,0
Contract 16,Fall 2016 ,Massachusetts,June,16-Jun,1,0,0,0,0,0
Contract 16,Fall 2016 ,New Hampshire,November,15-Nov,7,0,0,0,0,0
Contract 16,Fall 2016 ,New Hampshire,December,15-Dec,3,0,0,0,0,0
Contract 16,Fall 2016 ,New Hampshire,January,16-Jan,5,0,0,0,0,0
Contract 16,Fall 2016 ,New Hampshire,February,16-Feb,1,0,0,0,0,0
Contract 16,Fall 2016 ,New Hampshire,March,16-Mar,2,0,0,0,0,0
Contract 16,Fall 2016 ,New Hampshire,April,16-Apr,1,0,0,0,0,0
Contract 16,Fall 2016 ,New Hampshire,May,16-May,1,0,0,0,0,0
Contract 16,Fall 2016 ,New Hampshire,August,16-Aug,1,0,0,0,0,0
Contract 16,Fall 2016 ,New York,November,15-Nov,12,1,0,1,0,0
Contract 16,Fall 2016 ,New York,December,15-Dec,9,0,0,0,0,0
Contract 16,Fall 2016 ,New York,January,16-Jan,5,2,0,2,1,1
Contract 16,Fall 2016 ,New York,February,16-Feb,1,1,0,1,1,1
Contract 16,Fall 2016 ,New York,March,16-Mar,2,0,0,0,0,0
Contract 16,Fall 2016 ,New York,April,16-Apr,1,0,0,0,0,0
Contract 16,Fall 2016 ,Rhode Island,November,15-Nov,3,1,0,1,1,1
Contract 16,Fall 2016 ,Rhode Island,December,15-Dec,2,0,1,0,0,0
Contract 16,Fall 2016 ,Rhode Island,January,16-Jan,1,0,0,0,0,0
Contract 16,Fall 2016 ,Vermont,November,15-Nov,2,0,1,0,0,0
Contract 16,Fall 2016 ,Vermont,December,15-Dec,2,0,0,0,0,0
Contract 16,Fall 2016 ,Vermont,January,16-Jan,2,0,0,0,0,0
Contract 16,Fall 2016 ,Vermont,February,16-Feb,1,0,0,0,0,0
Contract 16,Fall 2016 ,Vermont,March,16-Mar,1,0,0,0,0,0
Contract 16,Fall 2016 ,Vermont,April,16-Apr,1,0,0,0,0,0
Contract 16,Fall 2016 ,Vermont,May,16-May,1,0,0,0,0,0
Contract 16,Fall 2016 ,Other,November,15-Nov,85,4,1,4,1,0
Contract 16,Fall 2016 ,Other,December,15-Dec,64,2,0,2,0,0
Contract 16,Fall 2016 ,Other,January,16-Jan,85,2,2,1,0,0
Contract 16,Fall 2016 ,Other,February,16-Feb,45,1,0,1,0,0
Contract 16,Fall 2016 ,Other,March,16-Mar,70,1,0,1,0,0
Contract 16,Fall 2016 ,Other,April,16-Apr,28,1,0,1,0,0
Contract 16,Fall 2016 ,Other,May,16-May,52,0,0,0,0,0
Contract 16,Fall 2016 ,Other,June,16-Jun,12,0,0,0,0,0
Contract 16,Fall 2016 ,Other,July,16-Jul,7,0,0,0,0,0
Contract 16,Fall 2016 ,Other,August,16-Aug,2,0,0,0,0,0
Contract 16,Fall 2017 ,Connecticut,October,16-Oct,6,0,0,0,0,0
Contract 16,Fall 2017 ,Connecticut,November,15-Nov,1,0,0,0,0,0
Contract 16,Fall 2017 ,Connecticut,November,16-Nov,6,0,0,0,0,0
Contract 16,Fall 2017 ,Connecticut,December,15-Dec,2,0,0,0,0,0
Contract 16,Fall 2017 ,Connecticut,January,16-Jan,3,0,0,0,0,0
Contract 16,Fall 2017 ,Connecticut,February,16-Feb,5,0,0,0,0,0
Contract 16,Fall 2017 ,Connecticut,March,16-Mar,1,0,0,0,0,0
Contract 16,Fall 2017 ,Connecticut,May,16-May,3,0,0,0,0,0
Contract 16,Fall 2017 ,Connecticut,June,16-Jun,3,0,0,0,0,0
Contract 16,Fall 2017 ,Connecticut,July,16-Jul,3,0,0,0,0,0
Contract 16,Fall 2017 ,Connecticut,August,16-Aug,1,0,0,0,0,0
Contract 16,Fall 2017 ,Connecticut,September,16-Sep,14,0,2,0,0,0
Contract 16,Fall 2017 ,Maine,October,16-Oct,16,8,1,7,1,1
Contract 16,Fall 2017 ,Maine,November,15-Nov,7,3,0,3,2,1
Contract 16,Fall 2017 ,Maine,November,16-Nov,5,0,0,0,0,0
Contract 16,Fall 2017 ,Maine,December,15-Dec,3,2,0,2,0,0
Contract 16,Fall 2017 ,Maine,January,16-Jan,3,0,0,0,0,0
Contract 16,Fall 2017 ,Maine,February,16-Feb,5,1,0,1,0,0
Contract 16,Fall 2017 ,Maine,March,16-Mar,73,47,1,46,23,21
Contract 16,Fall 2017 ,Maine,April,16-Apr,2,1,0,1,0,0
Contract 16,Fall 2017 ,Maine,May,16-May,1,0,0,0,0,0
Contract 16,Fall 2017 ,Maine,June,16-Jun,25,14,0,14,6,6
Contract 16,Fall 2017 ,Maine,July,16-Jul,3,1,0,1,1,1
Contract 16,Fall 2017 ,Maine,August,16-Aug,3,1,0,0,0,0
Contract 16,Fall 2017 ,Maine,September,16-Sep,11,4,0,4,1,1
Contract 16,Fall 2017 ,Massachusetts,October,16-Oct,22,5,1,5,1,1
Contract 16,Fall 2017 ,Massachusetts,November,15-Nov,9,0,0,0,0,0
Contract 16,Fall 2017 ,Massachusetts,November,16-Nov,5,0,1,0,0,0
Contract 16,Fall 2017 ,Massachusetts,December,15-Dec,2,0,0,0,0,0
Contract 16,Fall 2017 ,Massachusetts,January,16-Jan,11,0,0,0,0,0
Contract 16,Fall 2017 ,Massachusetts,February,16-Feb,7,0,0,0,0,0
Contract 16,Fall 2017 ,Massachusetts,March,16-Mar,11,1,0,1,0,0
Contract 16,Fall 2017 ,Massachusetts,April,16-Apr,4,2,0,2,1,1
Contract 16,Fall 2017 ,Massachusetts,May,16-May,9,1,0,1,0,0
Contract 16,Fall 2017 ,Massachusetts,June,16-Jun,14,1,0,1,0,0
Contract 16,Fall 2017 ,Massachusetts,July,16-Jul,11,1,0,1,0,0
Contract 16,Fall 2017 ,Massachusetts,August,16-Aug,8,1,0,1,1,1
Contract 16,Fall 2017 ,Massachusetts,September,16-Sep,16,2,0,2,0,0
Contract 16,Fall 2017 ,New Hampshire,October,16-Oct,11,2,0,2,0,0
Contract 16,Fall 2017 ,New Hampshire,November,15-Nov,1,0,0,0,0,0
Contract 16,Fall 2017 ,New Hampshire,November,16-Nov,2,1,0,1,0,0
Contract 16,Fall 2017 ,New Hampshire,December,15-Dec,1,0,0,0,0,0
Contract 16,Fall 2017 ,New Hampshire,January,16-Jan,2,0,0,0,0,0
Contract 16,Fall 2017 ,New Hampshire,February,16-Feb,2,0,0,0,0,0
Contract 16,Fall 2017 ,New Hampshire,March,16-Mar,12,1,0,1,0,0
Contract 16,Fall 2017 ,New Hampshire,April,16-Apr,5,0,0,0,0,0
Contract 16,Fall 2017 ,New Hampshire,May,16-May,5,1,0,1,0,0
Contract 16,Fall 2017 ,New Hampshire,June,16-Jun,10,3,1,3,0,0
Contract 16,Fall 2017 ,New Hampshire,July,16-Jul,4,1,0,1,0,0
Contract 16,Fall 2017 ,New Hampshire,August,16-Aug,2,0,0,0,0,0
Contract 16,Fall 2017 ,New Hampshire,September,16-Sep,6,0,0,0,0,0
Contract 16,Fall 2017 ,New York,October,16-Oct,11,1,0,1,0,0
Contract 16,Fall 2017 ,New York,November,15-Nov,4,0,0,0,0,0
Contract 16,Fall 2017 ,New York,November,16-Nov,9,0,0,0,0,0
Contract 16,Fall 2017 ,New York,December,15-Dec,3,0,0,0,0,0
Contract 16,Fall 2017 ,New York,January,16-Jan,14,0,0,0,0,0
Contract 16,Fall 2017 ,New York,February,16-Feb,8,0,0,0,0,0
Contract 16,Fall 2017 ,New York,March,16-Mar,11,0,0,0,0,0
Contract 16,Fall 2017 ,New York,April,16-Apr,4,0,0,0,0,0
Contract 16,Fall 2017 ,New York,May,16-May,12,0,0,0,0,0
Contract 16,Fall 2017 ,New York,June,16-Jun,7,0,0,0,0,0
Contract 16,Fall 2017 ,New York,July,16-Jul,11,1,0,1,0,0
Contract 16,Fall 2017 ,New York,August,16-Aug,8,0,0,0,0,0
Contract 16,Fall 2017 ,New York,September,16-Sep,12,1,0,1,1,1
Contract 16,Fall 2017 ,Rhode Island,October,16-Oct,2,0,0,0,0,0
Contract 16,Fall 2017 ,Rhode Island,November,15-Nov,2,0,0,0,0,0
Contract 16,Fall 2017 ,Rhode Island,December,15-Dec,2,0,0,0,0,0
Contract 16,Fall 2017 ,Rhode Island,January,16-Jan,3,0,0,0,0,0
Contract 16,Fall 2017 ,Rhode Island,February,16-Feb,1,0,0,0,0,0
Contract 16,Fall 2017 ,Rhode Island,April,16-Apr,2,1,0,1,0,0
Contract 16,Fall 2017 ,Rhode Island,May,16-May,1,0,0,0,0,0
Contract 16,Fall 2017 ,Rhode Island,July,16-Jul,2,0,0,0,0,0
Contract 16,Fall 2017 ,Rhode Island,September,16-Sep,3,1,0,1,0,0
Contract 16,Fall 2017 ,Vermont,October,16-Oct,5,2,0,2,1,1
Contract 16,Fall 2017 ,Vermont,November,15-Nov,3,1,0,1,0,0
Contract 16,Fall 2017 ,Vermont,January,16-Jan,2,0,0,0,0,0
Contract 16,Fall 2017 ,Vermont,February,16-Feb,1,0,0,0,0,0
Contract 16,Fall 2017 ,Vermont,March,16-Mar,1,0,0,0,0,0
Contract 16,Fall 2017 ,Vermont,April,16-Apr,2,1,0,1,1,1
Contract 16,Fall 2017 ,Vermont,May,16-May,4,0,0,0,0,0
Contract 16,Fall 2017 ,Vermont,June,16-Jun,2,2,0,2,0,0
Contract 16,Fall 2017 ,Vermont,July,16-Jul,1,1,0,1,1,1
Contract 16,Fall 2017 ,Vermont,September,16-Sep,3,1,0,1,1,1
Contract 16,Fall 2017 ,Other,October,16-Oct,162,3,1,3,0,0
Contract 16,Fall 2017 ,Other,November,15-Nov,112,1,0,1,0,0
Contract 16,Fall 2017 ,Other,November,16-Nov,95,1,1,1,0,0
Contract 16,Fall 2017 ,Other,December,15-Dec,110,0,0,0,0,0
Contract 16,Fall 2017 ,Other,January,16-Jan,137,0,0,0,0,0
Contract 16,Fall 2017 ,Other,February,16-Feb,129,0,1,0,0,0
Contract 16,Fall 2017 ,Other,March,16-Mar,210,0,0,0,0,0
Contract 16,Fall 2017 ,Other,April,16-Apr,76,0,0,0,0,0
Contract 16,Fall 2017 ,Other,May,16-May,174,1,0,1,0,0
Contract 16,Fall 2017 ,Other,June,16-Jun,121,0,0,0,0,0
Contract 16,Fall 2017 ,Other,July,16-Jul,128,1,0,1,0,0
Contract 16,Fall 2017 ,Other,August,16-Aug,88,0,0,0,0,0
Contract 16,Fall 2017 ,Other,September,16-Sep,201,3,1,3,0,0
Contract 16,Fall 2018,Connecticut,October,16-Oct,2,1,0,1,0,0
Contract 16,Fall 2018,Connecticut,November,15-Nov,1,0,0,0,0,0
Contract 16,Fall 2018,Connecticut,November,16-Nov,1,0,0,0,0,0
Contract 16,Fall 2018,Connecticut,December,15-Dec,1,0,0,0,0,0
Contract 16,Fall 2018,Connecticut,January,16-Jan,4,0,0,0,0,0
Contract 16,Fall 2018,Connecticut,February,16-Feb,1,0,0,0,0,0
Contract 16,Fall 2018,Connecticut,March,16-Mar,4,0,0,0,0,0
Contract 16,Fall 2018,Connecticut,April,16-Apr,2,0,0,0,0,0
Contract 16,Fall 2018,Connecticut,May,16-May,1,0,0,0,0,0
Contract 16,Fall 2018,Connecticut,June,16-Jun,1,0,0,0,0,0
Contract 16,Fall 2018,Connecticut,July,16-Jul,3,0,0,0,0,0
Contract 16,Fall 2018,Connecticut,September,16-Sep,1,0,0,0,0,0
Contract 16,Fall 2018,Maine,October,16-Oct,6,3,0,3,2,2
Contract 16,Fall 2018,Maine,November,15-Nov,2,1,0,1,0,0
Contract 16,Fall 2018,Maine,December,15-Dec,3,2,0,2,0,0
Contract 16,Fall 2018,Maine,March,16-Mar,8,5,0,5,3,2
Contract 16,Fall 2018,Maine,April,16-Apr,1,0,0,0,0,0
Contract 16,Fall 2018,Maine,May,16-May,6,1,0,1,1,1
Contract 16,Fall 2018,Maine,June,16-Jun,4,2,0,2,2,1
Contract 16,Fall 2018,Maine,July,16-Jul,3,0,0,0,0,0
Contract 16,Fall 2018,Maine,September,16-Sep,4,1,0,1,1,1
Contract 16,Fall 2018,Massachusetts,October,16-Oct,5,1,0,1,0,0
Contract 16,Fall 2018,Massachusetts,November,15-Nov,3,0,0,0,0,0
Contract 16,Fall 2018,Massachusetts,November,16-Nov,2,0,0,0,0,0
Contract 16,Fall 2018,Massachusetts,December,15-Dec,1,0,0,0,0,0
Contract 16,Fall 2018,Massachusetts,January,16-Jan,5,1,0,1,0,0
Contract 16,Fall 2018,Massachusetts,February,16-Feb,7,0,0,0,0,0
Contract 16,Fall 2018,Massachusetts,March,16-Mar,6,0,0,0,0,0
Contract 16,Fall 2018,Massachusetts,April,16-Apr,2,0,0,0,0,0
Contract 16,Fall 2018,Massachusetts,May,16-May,1,0,0,0,0,0
Contract 16,Fall 2018,Massachusetts,June,16-Jun,1,0,0,0,0,0
Contract 16,Fall 2018,Massachusetts,July,16-Jul,2,0,0,0,0,0
Contract 16,Fall 2018,Massachusetts,August,16-Aug,1,0,0,0,0,0
Contract 16,Fall 2018,Massachusetts,September,16-Sep,9,0,0,0,0,0
Contract 16,Fall 2018,New Hampshire,October,16-Oct,5,2,0,2,1,1
Contract 16,Fall 2018,New Hampshire,November,15-Nov,3,1,0,1,0,0
Contract 16,Fall 2018,New Hampshire,November,16-Nov,1,0,0,0,0,0
Contract 16,Fall 2018,New Hampshire,January,16-Jan,1,0,0,0,0,0
Contract 16,Fall 2018,New Hampshire,February,16-Feb,1,0,0,0,0,0
Contract 16,Fall 2018,New Hampshire,March,16-Mar,6,0,0,0,0,0
Contract 16,Fall 2018,New Hampshire,April,16-Apr,2,0,0,0,0,0
Contract 16,Fall 2018,New Hampshire,May,16-May,4,0,0,0,0,0
Contract 16,Fall 2018,New Hampshire,June,16-Jun,2,0,0,0,0,0
Contract 16,Fall 2018,New Hampshire,August,16-Aug,1,0,0,0,0,0
Contract 16,Fall 2018,New Hampshire,September,16-Sep,5,1,0,1,0,0
Contract 16,Fall 2018,New York,October,16-Oct,3,0,0,0,0,0
Contract 16,Fall 2018,New York,November,16-Nov,4,0,0,0,0,0
Contract 16,Fall 2018,New York,December,15-Dec,3,0,0,0,0,0
Contract 16,Fall 2018,New York,January,16-Jan,5,0,0,0,0,0
Contract 16,Fall 2018,New York,February,16-Feb,4,0,0,0,0,0
Contract 16,Fall 2018,New York,March,16-Mar,10,0,0,0,0,0
Contract 16,Fall 2018,New York,April,16-Apr,4,0,0,0,0,0
Contract 16,Fall 2018,New York,May,16-May,8,0,0,0,0,0
Contract 16,Fall 2018,New York,June,16-Jun,4,0,0,0,0,0
Contract 16,Fall 2018,New York,July,16-Jul,5,0,0,0,0,0
Contract 16,Fall 2018,New York,August,16-Aug,2,0,0,0,0,0
Contract 16,Fall 2018,New York,September,16-Sep,1,0,0,0,0,0
Contract 16,Fall 2018,Rhode Island,October,16-Oct,1,0,0,0,0,0
Contract 16,Fall 2018,Rhode Island,February,16-Feb,1,0,0,0,0,0
Contract 16,Fall 2018,Rhode Island,May,16-May,1,0,0,0,0,0
Contract 16,Fall 2018,Vermont,November,15-Nov,1,0,0,0,0,0
Contract 16,Fall 2018,Vermont,March,16-Mar,2,0,0,0,0,0
Contract 16,Fall 2018,Vermont,April,16-Apr,1,0,0,0,0,0
Contract 16,Fall 2018,Vermont,June,16-Jun,2,0,0,0,0,0
Contract 16,Fall 2018,Vermont,September,16-Sep,1,0,0,0,0,0
Contract 16,Fall 2018,Other,October,16-Oct,122,1,0,1,1,0
Contract 16,Fall 2018,Other,November,15-Nov,84,1,0,1,0,0
Contract 16,Fall 2018,Other,November,16-Nov,72,0,0,0,0,0
Contract 16,Fall 2018,Other,December,15-Dec,89,0,0,0,0,0
Contract 16,Fall 2018,Other,January,16-Jan,126,0,0,0,0,0
Contract 16,Fall 2018,Other,February,16-Feb,123,0,0,0,0,0
Contract 16,Fall 2018,Other,March,16-Mar,164,0,1,0,0,0
Contract 16,Fall 2018,Other,April,16-Apr,55,0,1,0,0,0
Contract 16,Fall 2018,Other,May,16-May,148,0,0,0,0,0
Contract 16,Fall 2018,Other,June,16-Jun,73,0,0,0,0,0
Contract 16,Fall 2018,Other,July,16-Jul,86,0,0,0,0,0
Contract 16,Fall 2018,Other,August,16-Aug,44,0,0,0,0,0
Contract 16,Fall 2018,Other,September,16-Sep,107,0,0,0,0,0
Contract 16,Fall 2019 ,Connecticut,October,16-Oct,2,0,0,0,0,0
Contract 16,Fall 2019 ,Connecticut,November,16-Nov,3,0,0,0,0,0
Contract 16,Fall 2019 ,Connecticut,June,16-Jun,1,0,0,0,0,0
Contract 16,Fall 2019 ,Connecticut,July,16-Jul,2,0,0,0,0,0
Contract 16,Fall 2019 ,Connecticut,September,16-Sep,2,0,0,0,0,0
Contract 16,Fall 2019 ,Maine,October,16-Oct,1,1,0,1,0,0
Contract 16,Fall 2019 ,Maine,November,15-Nov,4,2,1,2,0,0
Contract 16,Fall 2019 ,Maine,November,16-Nov,1,1,0,1,1,1
Contract 16,Fall 2019 ,Maine,December,15-Dec,1,1,0,1,1,1
Contract 16,Fall 2019 ,Maine,February,16-Feb,2,1,0,1,1,1
Contract 16,Fall 2019 ,Maine,March,16-Mar,2,1,0,1,1,1
Contract 16,Fall 2019 ,Maine,April,16-Apr,2,1,0,1,0,0
Contract 16,Fall 2019 ,Maine,May,16-May,1,0,0,0,0,0
Contract 16,Fall 2019 ,Maine,July,16-Jul,1,0,0,0,0,0
Contract 16,Fall 2019 ,Maine,September,16-Sep,3,1,0,1,1,1
Contract 16,Fall 2019 ,Massachusetts,November,16-Nov,2,0,0,0,0,0
Contract 16,Fall 2019 ,Massachusetts,June,16-Jun,1,0,0,0,0,0
Contract 16,Fall 2019 ,Massachusetts,July,16-Jul,1,0,0,0,0,0
Contract 16,Fall 2019 ,Massachusetts,September,16-Sep,5,0,0,0,0,0
Contract 16,Fall 2019 ,New Hampshire,April,16-Apr,1,0,0,0,0,0
Contract 16,Fall 2019 ,New Hampshire,September,16-Sep,1,0,0,0,0,0
Contract 16,Fall 2019 ,New York,October,16-Oct,3,0,0,0,0,0
Contract 16,Fall 2019 ,New York,November,16-Nov,1,0,0,0,0,0
Contract 16,Fall 2019 ,New York,December,15-Dec,1,0,0,0,0,0
Contract 16,Fall 2019 ,New York,June,16-Jun,3,0,0,0,0,0
Contract 16,Fall 2019 ,New York,July,16-Jul,1,0,0,0,0,0
Contract 16,Fall 2019 ,New York,August,16-Aug,3,0,0,0,0,0
Contract 16,Fall 2019 ,New York,September,16-Sep,5,0,0,0,0,0
Contract 16,Fall 2019 ,Rhode Island,September,16-Sep,1,0,0,0,0,0
Contract 16,Fall 2019 ,Vermont,October,16-Oct,1,1,0,1,1,1
Contract 16,Fall 2019 ,Vermont,September,16-Sep,1,0,0,0,0,0
Contract 16,Fall 2019 ,Other,October,16-Oct,87,0,0,0,0,0
Contract 16,Fall 2019 ,Other,November,15-Nov,5,0,0,0,0,0
Contract 16,Fall 2019 ,Other,November,16-Nov,67,0,0,0,0,0
Contract 16,Fall 2019 ,Other,December,15-Dec,6,0,1,0,0,0
Contract 16,Fall 2019 ,Other,January,16-Jan,15,0,0,0,0,0
Contract 16,Fall 2019 ,Other,February,16-Feb,7,0,0,0,0,0
Contract 16,Fall 2019 ,Other,March,16-Mar,16,0,0,0,0,0
Contract 16,Fall 2019 ,Other,April,16-Apr,5,0,0,0,0,0
Contract 16,Fall 2019 ,Other,May,16-May,3,0,0,0,0,0
Contract 16,Fall 2019 ,Other,June,16-Jun,29,0,1,0,0,0
Contract 16,Fall 2019 ,Other,July,16-Jul,85,0,0,0,0,0
Contract 16,Fall 2019 ,Other,August,16-Aug,36,0,0,0,0,0
Contract 16,Fall 2019 ,Other,September,16-Sep,79,0,0,0,0,0
Contract 16,Fall 2020 ,Connecticut,October,16-Oct,1,0,0,0,0,0
Contract 16,Fall 2020 ,Maine,January,16-Jan,1,0,0,0,0,0
Contract 16,Fall 2020 ,Maine,March,16-Mar,1,0,0,0,0,0
Contract 16,Fall 2020 ,Maine,July,16-Jul,1,0,0,0,0,0
Contract 16,Fall 2020 ,New Hampshire,October,16-Oct,1,0,0,0,0,0
Contract 16,Fall 2020 ,New Hampshire,August,16-Aug,1,0,0,0,0,0
Contract 16,Fall 2020 ,New York,September,16-Sep,1,0,0,0,0,0
Contract 16,Fall 2020 ,Other,October,16-Oct,1,0,0,0,0,0
Contract 16,Fall 2020 ,Other,January,16-Jan,1,0,0,0,0,0
Contract 16,Fall 2020 ,Other,February,16-Feb,1,0,0,0,0,0
Contract 16,Fall 2020 ,Other,May,16-May,1,0,0,0,0,0
Contract 16,Fall 2020 ,Other,July,16-Jul,1,0,0,0,0,0
Contract 16,Fall 2020 ,Other,August,16-Aug,1,0,0,0,0,0
Contract 16,Unsure Start,Connecticut,December,15-Dec,4,0,0,0,0,0
Contract 16,Unsure Start,Connecticut,August,16-Aug,1,0,0,0,0,0
Contract 16,Unsure Start,Maine,December,15-Dec,2,0,0,0,0,0
Contract 16,Unsure Start,Maine,February,16-Feb,2,0,0,0,0,0
Contract 16,Unsure Start,Maine,August,16-Aug,3,0,0,0,0,0
Contract 16,Unsure Start,Massachusetts,December,15-Dec,2,0,0,0,0,0
Contract 16,Unsure Start,Massachusetts,June,16-Jun,1,0,0,0,0,0
Contract 16,Unsure Start,Massachusetts,July,16-Jul,2,0,0,0,0,0
Contract 16,Unsure Start,New Hampshire,December,15-Dec,1,0,0,0,0,0
Contract 16,Unsure Start,New Hampshire,March,16-Mar,1,0,0,0,0,0
Contract 16,Unsure Start,New Hampshire,August,16-Aug,2,0,0,0,0,0
Contract 16,Unsure Start,New York,December,15-Dec,1,0,0,0,0,0
Contract 16,Unsure Start,New York,May,16-May,1,0,0,0,0,0
Contract 16,Unsure Start,Rhode Island,December,15-Dec,3,0,0,0,0,0
Contract 16,Unsure Start,Other,November,15-Nov,1,0,0,0,0,0
Contract 16,Unsure Start,Other,December,15-Dec,75,0,0,0,0,0
Contract 16,Unsure Start,Other,January,16-Jan,2,0,0,0,0,0
Contract 16,Unsure Start,Other,March,16-Mar,1,0,0,0,0,0
Contract 16,Unsure Start,Other,July,16-Jul,4,0,0,0,0,0
Contract 16,Unsure Start,Other,August,16-Aug,1,0,0,0,0,0
Contract 17,Fall 2016 ,Massachusetts,September,17-Sep,1,0,0,0,0,0
Contract 17,Fall 2016 ,Other,October,17-Oct,1,0,0,0,0,0
Contract 17,Fall 2016 ,Other,January,17-Jan,1,0,0,0,0,0
Contract 17,Fall 2016 ,Other,March,17-Mar,2,0,0,0,0,0
Contract 17,Fall 2016 ,Other,July,17-Jul,2,0,0,0,0,0
Contract 17,Fall 2017 ,Connecticut,October,17-Oct,1,0,0,0,0,0
Contract 17,Fall 2017 ,Connecticut,December,16-Dec,1,0,0,0,0,0
Contract 17,Fall 2017 ,Connecticut,February,17-Feb,1,0,0,0,0,0
Contract 17,Fall 2017 ,Connecticut,June,17-Jun,2,0,0,0,0,0
Contract 17,Fall 2017 ,Maine,November,16-Nov,3,1,0,1,1,1
Contract 17,Fall 2017 ,Maine,December,16-Dec,8,2,1,2,1,0
Contract 17,Fall 2017 ,Maine,January,17-Jan,5,1,0,1,1,1
Contract 17,Fall 2017 ,Maine,February,17-Feb,2,0,0,0,0,0
Contract 17,Fall 2017 ,Maine,March,17-Mar,4,0,0,0,0,0
Contract 17,Fall 2017 ,Maine,April,17-Apr,1,0,0,0,0,0
Contract 17,Fall 2017 ,Maine,June,17-Jun,1,0,0,0,0,0
Contract 17,Fall 2017 ,Massachusetts,November,16-Nov,2,0,0,0,0,0
Contract 17,Fall 2017 ,Massachusetts,December,16-Dec,9,2,0,2,1,1
Contract 17,Fall 2017 ,Massachusetts,January,17-Jan,3,1,0,1,1,1
Contract 17,Fall 2017 ,Massachusetts,February,17-Feb,1,0,0,0,0,0
Contract 17,Fall 2017 ,Massachusetts,March,17-Mar,3,0,0,0,0,0
Contract 17,Fall 2017 ,Massachusetts,April,17-Apr,1,0,0,0,0,0
Contract 17,Fall 2017 ,Massachusetts,June,17-Jun,1,0,0,0,0,0
Contract 17,Fall 2017 ,New Hampshire,October,17-Oct,1,0,0,0,0,0
Contract 17,Fall 2017 ,New Hampshire,December,16-Dec,2,1,0,1,0,0
Contract 17,Fall 2017 ,New Hampshire,March,17-Mar,2,0,0,0,0,0
Contract 17,Fall 2017 ,New York,November,16-Nov,3,1,0,1,0,0
Contract 17,Fall 2017 ,New York,December,16-Dec,5,0,0,0,0,0
Contract 17,Fall 2017 ,New York,January,17-Jan,2,0,0,0,0,0
Contract 17,Fall 2017 ,New York,February,17-Feb,1,0,0,0,0,0
Contract 17,Fall 2017 ,New York,March,17-Mar,2,0,0,0,0,0
Contract 17,Fall 2017 ,Rhode Island,December,16-Dec,2,0,1,0,0,0
Contract 17,Fall 2017 ,Rhode Island,January,17-Jan,1,0,0,0,0,0
Contract 17,Fall 2017 ,Vermont,November,16-Nov,2,1,0,1,0,0
Contract 17,Fall 2017 ,Vermont,December,16-Dec,1,1,0,1,1,1
Contract 17,Fall 2017 ,Vermont,January,17-Jan,3,0,0,0,0,0
Contract 17,Fall 2017 ,Vermont,September,17-Sep,1,0,0,0,0,0
Contract 17,Fall 2017 ,Other,November,16-Nov,5,0,0,0,0,0
Contract 17,Fall 2017 ,Other,December,16-Dec,5,0,0,0,0,0
Contract 17,Fall 2017 ,Other,January,17-Jan,4,0,0,0,0,0
Contract 17,Fall 2017 ,Other,February,17-Feb,9,0,0,0,0,0
Contract 17,Fall 2017 ,Other,March,17-Mar,4,0,0,0,0,0
Contract 17,Fall 2017 ,Other,April,17-Apr,1,0,0,0,0,0
Contract 17,Fall 2017 ,Other,June,17-Jun,1,0,0,0,0,0
Contract 17,Fall 2018,Connecticut,October,17-Oct,11,3,0,3,1,1
Contract 17,Fall 2018,Connecticut,November,16-Nov,4,0,0,0,0,0
Contract 17,Fall 2018,Connecticut,November,17-Nov,1,0,0,0,0,0
Contract 17,Fall 2018,Connecticut,December,16-Dec,1,0,0,0,0,0
Contract 17,Fall 2018,Connecticut,February,17-Feb,5,0,0,0,0,0
Contract 17,Fall 2018,Connecticut,March,17-Mar,3,0,0,0,0,0
Contract 17,Fall 2018,Connecticut,April,17-Apr,8,0,0,0,0,0
Contract 17,Fall 2018,Connecticut,May,17-May,6,0,0,0,0,0
Contract 17,Fall 2018,Connecticut,June,17-Jun,4,1,0,1,0,0
Contract 17,Fall 2018,Connecticut,July,17-Jul,2,0,0,0,0,0
Contract 17,Fall 2018,Connecticut,August,17-Aug,3,0,0,0,0,0
Contract 17,Fall 2018,Connecticut,September,17-Sep,3,0,0,0,0,0
Contract 17,Fall 2018,Maine,October,17-Oct,22,9,0,9,0,0
Contract 17,Fall 2018,Maine,November,16-Nov,4,2,0,2,2,2
Contract 17,Fall 2018,Maine,December,16-Dec,38,16,0,15,8,7
Contract 17,Fall 2018,Maine,January,17-Jan,4,2,0,2,0,0
Contract 17,Fall 2018,Maine,February,17-Feb,51,24,0,24,11,11
Contract 17,Fall 2018,Maine,March,17-Mar,1,0,0,0,0,0
Contract 17,Fall 2018,Maine,April,17-Apr,5,1,0,1,0,0
Contract 17,Fall 2018,Maine,May,17-May,8,1,1,1,0,0
Contract 17,Fall 2018,Maine,June,17-Jun,32,18,0,18,6,5
Contract 17,Fall 2018,Maine,July,17-Jul,2,0,0,0,0,0
Contract 17,Fall 2018,Maine,August,17-Aug,4,0,0,0,0,0
Contract 17,Fall 2018,Maine,September,17-Sep,9,1,0,1,1,1
Contract 17,Fall 2018,Massachusetts,October,17-Oct,21,2,0,2,0,0
Contract 17,Fall 2018,Massachusetts,November,16-Nov,2,0,0,0,0,0
Contract 17,Fall 2018,Massachusetts,November,17-Nov,2,0,0,0,0,0
Contract 17,Fall 2018,Massachusetts,December,16-Dec,21,0,0,0,0,0
Contract 17,Fall 2018,Massachusetts,February,17-Feb,4,0,0,0,0,0
Contract 17,Fall 2018,Massachusetts,March,17-Mar,3,0,0,0,0,0
Contract 17,Fall 2018,Massachusetts,April,17-Apr,9,0,0,0,0,0
Contract 17,Fall 2018,Massachusetts,May,17-May,4,1,0,1,0,0
Contract 17,Fall 2018,Massachusetts,June,17-Jun,15,2,0,2,0,0
Contract 17,Fall 2018,Massachusetts,July,17-Jul,5,0,0,0,0,0
Contract 17,Fall 2018,Massachusetts,August,17-Aug,5,0,0,0,0,0
Contract 17,Fall 2018,Massachusetts,September,17-Sep,6,0,0,0,0,0
Contract 17,Fall 2018,New Hampshire,October,17-Oct,8,0,0,0,0,0
Contract 17,Fall 2018,New Hampshire,November,16-Nov,1,0,0,0,0,0
Contract 17,Fall 2018,New Hampshire,November,17-Nov,1,0,0,0,0,0
Contract 17,Fall 2018,New Hampshire,December,16-Dec,14,1,1,1,0,0
Contract 17,Fall 2018,New Hampshire,January,17-Jan,2,0,0,0,0,0
Contract 17,Fall 2018,New Hampshire,February,17-Feb,17,4,0,4,1,1
Contract 17,Fall 2018,New Hampshire,March,17-Mar,3,0,0,0,0,0
Contract 17,Fall 2018,New Hampshire,April,17-Apr,5,2,0,2,1,1
Contract 17,Fall 2018,New Hampshire,May,17-May,2,1,0,1,1,1
Contract 17,Fall 2018,New Hampshire,June,17-Jun,19,6,0,5,1,1
Contract 17,Fall 2018,New Hampshire,July,17-Jul,1,0,0,0,0,0
Contract 17,Fall 2018,New Hampshire,August,17-Aug,2,0,0,0,0,0
Contract 17,Fall 2018,New Hampshire,September,17-Sep,1,1,0,1,0,0
Contract 17,Fall 2018,New York,October,17-Oct,8,0,0,0,0,0
Contract 17,Fall 2018,New York,November,16-Nov,7,0,0,0,0,0
Contract 17,Fall 2018,New York,December,16-Dec,4,1,0,1,0,0
Contract 17,Fall 2018,New York,January,17-Jan,3,0,0,0,0,0
Contract 17,Fall 2018,New York,February,17-Feb,6,0,0,0,0,0
Contract 17,Fall 2018,New York,March,17-Mar,5,0,0,0,0,0
Contract 17,Fall 2018,New York,April,17-Apr,4,0,0,0,0,0
Contract 17,Fall 2018,New York,May,17-May,4,0,0,0,0,0
Contract 17,Fall 2018,New York,June,17-Jun,6,0,0,0,0,0
Contract 17,Fall 2018,New York,July,17-Jul,4,0,0,0,0,0
Contract 17,Fall 2018,New York,August,17-Aug,5,0,0,0,0,0
Contract 17,Fall 2018,New York,September,17-Sep,4,0,0,0,0,0
Contract 17,Fall 2018,Rhode Island,October,17-Oct,3,0,0,0,0,0
Contract 17,Fall 2018,Rhode Island,November,16-Nov,1,0,0,0,0,0
Contract 17,Fall 2018,Rhode Island,February,17-Feb,1,0,0,0,0,0
Contract 17,Fall 2018,Rhode Island,March,17-Mar,3,0,0,0,0,0
Contract 17,Fall 2018,Rhode Island,April,17-Apr,1,0,0,0,0,0
Contract 17,Fall 2018,Rhode Island,May,17-May,1,0,0,0,0,0
Contract 17,Fall 2018,Rhode Island,June,17-Jun,1,0,0,0,0,0
Contract 17,Fall 2018,Rhode Island,August,17-Aug,2,0,0,0,0,0
Contract 17,Fall 2018,Rhode Island,September,17-Sep,1,0,0,0,0,0
Contract 17,Fall 2018,Vermont,October,17-Oct,3,2,0,2,2,1
Contract 17,Fall 2018,Vermont,November,17-Nov,1,0,1,0,0,0
Contract 17,Fall 2018,Vermont,January,17-Jan,2,0,0,0,0,0
Contract 17,Fall 2018,Vermont,February,17-Feb,1,0,0,0,0,0
Contract 17,Fall 2018,Vermont,April,17-Apr,2,0,0,0,0,0
Contract 17,Fall 2018,Vermont,May,17-May,1,1,0,1,1,1
Contract 17,Fall 2018,Vermont,June,17-Jun,1,0,0,0,0,0
Contract 17,Fall 2018,Vermont,July,17-Jul,2,0,0,0,0,0
Contract 17,Fall 2018,Vermont,August,17-Aug,1,0,0,0,0,0
Contract 17,Fall 2018,Vermont,September,17-Sep,1,1,0,1,1,1
Contract 17,Fall 2018,Other,October,17-Oct,6,0,0,0,0,0
Contract 17,Fall 2018,Other,November,17-Nov,1,0,0,0,0,0
Contract 17,Fall 2018,Other,December,16-Dec,2,0,0,0,0,0
Contract 17,Fall 2018,Other,February,17-Feb,3,0,0,0,0,0
Contract 17,Fall 2018,Other,June,17-Jun,1,0,0,0,0,0
Contract 17,Fall 2018,Other,August,17-Aug,2,0,1,0,0,0
Contract 17,Fall 2018,Other,September,17-Sep,2,0,0,0,0,0
Contract 17,Fall 2019 ,Connecticut,October,17-Oct,2,0,0,0,0,0
Contract 17,Fall 2019 ,Connecticut,November,16-Nov,1,0,0,0,0,0
Contract 17,Fall 2019 ,Connecticut,January,17-Jan,1,0,0,0,0,0
Contract 17,Fall 2019 ,Connecticut,February,17-Feb,2,0,0,0,0,0
Contract 17,Fall 2019 ,Connecticut,March,17-Mar,7,1,0,1,0,0
Contract 17,Fall 2019 ,Connecticut,April,17-Apr,3,0,0,0,0,0
Contract 17,Fall 2019 ,Connecticut,May,17-May,2,0,0,0,0,0
Contract 17,Fall 2019 ,Connecticut,June,17-Jun,3,0,0,0,0,0
Contract 17,Fall 2019 ,Connecticut,July,17-Jul,1,0,0,0,0,0
Contract 17,Fall 2019 ,Maine,October,17-Oct,61,33,0,32,10,10
Contract 17,Fall 2019 ,Maine,November,16-Nov,1,0,0,0,0,0
Contract 17,Fall 2019 ,Maine,December,16-Dec,6,1,1,1,1,1
Contract 17,Fall 2019 ,Maine,January,17-Jan,3,1,0,1,1,1
Contract 17,Fall 2019 ,Maine,February,17-Feb,4,3,0,3,2,1
Contract 17,Fall 2019 ,Maine,March,17-Mar,3,0,0,0,0,0
Contract 17,Fall 2019 ,Maine,April,17-Apr,5,0,0,0,0,0
Contract 17,Fall 2019 ,Maine,May,17-May,8,2,1,1,1,1
Contract 17,Fall 2019 ,Maine,June,17-Jun,1,0,0,0,0,0
Contract 17,Fall 2019 ,Maine,August,17-Aug,4,1,0,1,0,0
Contract 17,Fall 2019 ,Maine,September,17-Sep,3,3,0,3,1,0
Contract 17,Fall 2019 ,Massachusetts,October,17-Oct,18,1,0,1,0,0
Contract 17,Fall 2019 ,Massachusetts,November,16-Nov,3,0,0,0,0,0
Contract 17,Fall 2019 ,Massachusetts,December,16-Dec,2,0,0,0,0,0
Contract 17,Fall 2019 ,Massachusetts,January,17-Jan,2,0,0,0,0,0
Contract 17,Fall 2019 ,Massachusetts,February,17-Feb,1,0,0,0,0,0
Contract 17,Fall 2019 ,Massachusetts,March,17-Mar,1,0,0,0,0,0
Contract 17,Fall 2019 ,Massachusetts,April,17-Apr,2,1,0,1,1,0
Contract 17,Fall 2019 ,Massachusetts,May,17-May,2,0,0,0,0,0
Contract 17,Fall 2019 ,Massachusetts,June,17-Jun,2,0,0,0,0,0
Contract 17,Fall 2019 ,Massachusetts,July,17-Jul,1,0,0,0,0,0
Contract 17,Fall 2019 ,Massachusetts,August,17-Aug,2,0,0,0,0,0
Contract 17,Fall 2019 ,New Hampshire,October,17-Oct,22,1,1,1,0,0
Contract 17,Fall 2019 ,New Hampshire,November,16-Nov,1,0,0,0,0,0
Contract 17,Fall 2019 ,New Hampshire,January,17-Jan,1,0,0,0,0,0
Contract 17,Fall 2019 ,New Hampshire,February,17-Feb,2,0,0,0,0,0
Contract 17,Fall 2019 ,New Hampshire,June,17-Jun,3,0,0,0,0,0
Contract 17,Fall 2019 ,New Hampshire,July,17-Jul,1,0,0,0,0,0
Contract 17,Fall 2019 ,New Hampshire,August,17-Aug,3,0,0,0,0,0
Contract 17,Fall 2019 ,New Hampshire,September,17-Sep,2,0,0,0,0,0
Contract 17,Fall 2019 ,New York,October,17-Oct,10,0,0,0,0,0
Contract 17,Fall 2019 ,New York,November,16-Nov,2,0,0,0,0,0
Contract 17,Fall 2019 ,New York,November,17-Nov,2,0,0,0,0,0
Contract 17,Fall 2019 ,New York,December,16-Dec,2,0,0,0,0,0
Contract 17,Fall 2019 ,New York,January,17-Jan,1,0,0,0,0,0
Contract 17,Fall 2019 ,New York,February,17-Feb,5,0,0,0,0,0
Contract 17,Fall 2019 ,New York,March,17-Mar,4,0,0,0,0,0
Contract 17,Fall 2019 ,New York,April,17-Apr,7,0,0,0,0,0
Contract 17,Fall 2019 ,New York,May,17-May,1,0,0,0,0,0
Contract 17,Fall 2019 ,New York,June,17-Jun,1,0,0,0,0,0
Contract 17,Fall 2019 ,New York,July,17-Jul,6,0,0,0,0,0
Contract 17,Fall 2019 ,New York,August,17-Aug,5,0,0,0,0,0
Contract 17,Fall 2019 ,New York,September,17-Sep,1,0,0,0,0,0
Contract 17,Fall 2019 ,Rhode Island,October,17-Oct,4,0,0,0,0,0
Contract 17,Fall 2019 ,Rhode Island,January,17-Jan,1,0,0,0,0,0
Contract 17,Fall 2019 ,Rhode Island,March,17-Mar,1,0,0,0,0,0
Contract 17,Fall 2019 ,Rhode Island,May,17-May,1,0,0,0,0,0
Contract 17,Fall 2019 ,Rhode Island,June,17-Jun,2,0,0,0,0,0
Contract 17,Fall 2019 ,Rhode Island,August,17-Aug,2,0,0,0,0,0
Contract 17,Fall 2019 ,Vermont,November,17-Nov,1,0,0,0,0,0
Contract 17,Fall 2019 ,Vermont,February,17-Feb,1,0,0,0,0,0
Contract 17,Fall 2019 ,Vermont,August,17-Aug,1,0,1,0,0,0
Contract 17,Fall 2019 ,Other,October,17-Oct,1,0,0,0,0,0
Contract 17,Fall 2019 ,Other,January,17-Jan,1,0,0,0,0,0
Contract 17,Fall 2019 ,Other,February,17-Feb,1,0,0,0,0,0
Contract 17,Fall 2019 ,Other,June,17-Jun,1,0,0,0,0,0
Contract 17,Fall 2019 ,Maine,October,17-Oct,28,18,1,18,5,4
Contract 17,Fall 2019 ,Maine,December,16-Dec,3,2,1,1,0,0
Contract 17,Fall 2019 ,Maine,January,17-Jan,1,0,0,0,0,0
Contract 17,Fall 2019 ,Maine,February,17-Feb,3,0,1,0,0,0
Contract 17,Fall 2019 ,Maine,April,17-Apr,2,1,0,1,0,0
Contract 17,Fall 2019 ,Maine,May,17-May,1,0,1,0,0,0
Contract 17,Fall 2019 ,Maine,June,17-Jun,1,1,0,1,1,0
Contract 17,Fall 2019 ,Maine,August,17-Aug,2,1,0,1,0,0
Contract 17,Fall 2019 ,Maine,September,17-Sep,1,0,0,0,0,0
Contract 17,Fall 2019 ,Massachusetts,October,17-Oct,1,1,0,1,1,1
Contract 17,Fall 2019 ,New Hampshire,October,17-Oct,1,0,0,0,0,0
Contract 17,Fall 2021,Maine,October,17-Oct,2,1,0,1,0,0
Contract 17,Fall 2021,Maine,April,17-Apr,1,0,0,0,0,0
Contract 17,Unsure Start,Connecticut,January,17-Jan,2,0,0,0,0,0
Contract 17,Unsure Start,Maine,October,17-Oct,1,0,0,0,0,0
Contract 17,Unsure Start,Maine,December,16-Dec,1,0,0,0,0,0
Contract 17,Unsure Start,Maine,February,17-Feb,1,0,0,0,0,0
Contract 17,Unsure Start,Maine,September,17-Sep,1,0,0,0,0,0
Contract 17,Unsure Start,Massachusetts,November,16-Nov,1,0,0,0,0,0
Contract 17,Unsure Start,New Hampshire,October,17-Oct,1,0,0,0,0,0
Contract 17,Unsure Start,New York,July,17-Jul,1,0,0,0,0,0
Contract 17,Unsure Start,New York,September,17-Sep,1,0,0,0,0,0
Contract 17,Unsure Start,Rhode Island,March,17-Mar,1,0,0,0,0,0
Contract 17,Unsure Start,Other,October,17-Oct,1,0,0,0,0,0
Contract 17,Unsure Start,Other,December,16-Dec,1,0,0,0,0,0
Contract 17,Unsure Start,Other,June,17-Jun,1,0,0,0,0,0
Contract 17,Unsure Start,Other,July,17-Jul,3,0,0,0,0,0
Contract 17,Unsure Start,Other,August,17-Aug,2,0,0,0,0,0
Contract 18,Fall 2016 ,Massachusetts,April,18-Apr,1,0,0,0,0,0
Contract 18,Fall 2016 ,Other,April,18-Apr,2,0,0,0,0,0
Contract 18,Fall 2016 ,Other,July,18-Jul,2,0,0,0,0,0
Contract 18,Fall 2016 ,Other,September,18-Sep,1,0,0,0,0,0
Contract 18,Fall 2017 ,Other,June,18-Jun,1,0,0,0,0,0
Contract 18,Fall 2017 ,Other,September,18-Sep,1,0,0,0,0,0
Contract 18,Fall 2018,Connecticut,November,17-Nov,6,1,0,1,0,0
Contract 18,Fall 2018,Connecticut,December,17-Dec,13,0,0,0,0,0
Contract 18,Fall 2018,Connecticut,February,18-Feb,4,0,0,0,0,0
Contract 18,Fall 2018,Connecticut,March,18-Mar,3,0,0,0,0,0
Contract 18,Fall 2018,Connecticut,April,18-Apr,2,0,0,0,0,0
Contract 18,Fall 2018,Maine,November,17-Nov,3,0,0,0,0,0
Contract 18,Fall 2018,Maine,December,17-Dec,3,2,0,2,0,0
Contract 18,Fall 2018,Maine,January,18-Jan,1,1,0,1,1,1
Contract 18,Fall 2018,Maine,February,18-Feb,8,2,0,2,1,1
Contract 18,Fall 2018,Maine,March,18-Mar,4,0,0,0,0,0
Contract 18,Fall 2018,Maine,April,18-Apr,6,0,0,0,0,0
Contract 18,Fall 2018,Maine,May,18-May,6,0,0,0,0,0
Contract 18,Fall 2018,Massachusetts,November,17-Nov,7,1,0,1,0,0
Contract 18,Fall 2018,Massachusetts,December,17-Dec,13,0,0,0,0,0
Contract 18,Fall 2018,Massachusetts,February,18-Feb,3,0,0,0,0,0
Contract 18,Fall 2018,Massachusetts,March,18-Mar,7,0,0,0,0,0
Contract 18,Fall 2018,Massachusetts,April,18-Apr,2,0,0,0,0,0
Contract 18,Fall 2018,Massachusetts,May,18-May,2,0,0,0,0,0
Contract 18,Fall 2018,New Hampshire,November,17-Nov,2,0,0,0,0,0
Contract 18,Fall 2018,New Hampshire,December,17-Dec,1,1,0,1,0,0
Contract 18,Fall 2018,New Hampshire,January,18-Jan,1,1,0,1,0,0
Contract 18,Fall 2018,New Hampshire,February,18-Feb,1,0,0,0,0,0
Contract 18,Fall 2018,New Hampshire,March,18-Mar,5,0,0,0,0,0
Contract 18,Fall 2018,New Hampshire,June,18-Jun,1,0,0,0,0,0
Contract 18,Fall 2018,New York,November,17-Nov,5,0,0,0,0,0
Contract 18,Fall 2018,New York,December,17-Dec,56,0,0,0,0,0
Contract 18,Fall 2018,New York,February,18-Feb,3,0,0,0,0,0
Contract 18,Fall 2018,New York,March,18-Mar,8,0,0,0,0,0
Contract 18,Fall 2018,New York,May,18-May,4,0,0,0,0,0
Contract 18,Fall 2018,New York,June,18-Jun,1,0,0,0,0,0
Contract 18,Fall 2018,Rhode Island,November,17-Nov,1,0,0,0,0,0
Contract 18,Fall 2018,Rhode Island,December,17-Dec,4,0,0,0,0,0
Contract 18,Fall 2018,Rhode Island,March,18-Mar,2,0,0,0,0,0
Contract 18,Fall 2018,Rhode Island,April,18-Apr,1,0,0,0,0,0
Contract 18,Fall 2018,Vermont,December,17-Dec,4,0,0,0,0,0
Contract 18,Fall 2018,Vermont,January,18-Jan,2,1,1,1,1,0
Contract 18,Fall 2018,Vermont,April,18-Apr,1,0,0,0,0,0
Contract 18,Fall 2018,Other,October,18-Oct,2,0,0,0,0,0
Contract 18,Fall 2018,Other,November,17-Nov,2,0,0,0,0,0
Contract 18,Fall 2018,Other,November,18-Nov,1,0,0,0,0,0
Contract 18,Fall 2018,Other,December,17-Dec,10,0,0,0,0,0
Contract 18,Fall 2018,Other,February,18-Feb,2,0,0,0,0,0
Contract 18,Fall 2018,Other,March,18-Mar,9,0,0,0,0,0
Contract 18,Fall 2018,Other,May,18-May,6,0,0,0,0,0
Contract 18,Fall 2018,Other,September,18-Sep,1,0,0,0,0,0
Contract 18,Fall 2019 ,Connecticut,October,18-Oct,11,0,0,0,0,0
Contract 18,Fall 2019 ,Connecticut,November,18-Nov,1,1,0,1,0,0
Contract 18,Fall 2019 ,Connecticut,December,17-Dec,7,0,0,0,0,0
Contract 18,Fall 2019 ,Connecticut,February,18-Feb,34,2,0,2,0,0
Contract 18,Fall 2019 ,Connecticut,March,18-Mar,2,0,0,0,0,0
Contract 18,Fall 2019 ,Connecticut,April,18-Apr,3,0,0,0,0,0
Contract 18,Fall 2019 ,Connecticut,May,18-May,4,0,0,0,0,0
Contract 18,Fall 2019 ,Connecticut,June,18-Jun,2,0,0,0,0,0
Contract 18,Fall 2019 ,Connecticut,July,18-Jul,2,0,0,0,0,0
Contract 18,Fall 2019 ,Connecticut,August,18-Aug,1,0,0,0,0,0
Contract 18,Fall 2019 ,Connecticut,September,18-Sep,3,0,0,0,0,0
Contract 18,Fall 2019 ,Maine,October,18-Oct,12,4,0,4,1,1
Contract 18,Fall 2019 ,Maine,November,17-Nov,4,3,0,3,2,2
Contract 18,Fall 2019 ,Maine,November,18-Nov,4,1,0,1,0,0
Contract 18,Fall 2019 ,Maine,February,18-Feb,33,18,1,18,5,4
Contract 18,Fall 2019 ,Maine,March,18-Mar,3,1,0,1,1,1
Contract 18,Fall 2019 ,Maine,April,18-Apr,3,0,0,0,0,0
Contract 18,Fall 2019 ,Maine,May,18-May,12,4,1,4,2,2
Contract 18,Fall 2019 ,Maine,June,18-Jun,2,0,0,0,0,0
Contract 18,Fall 2019 ,Maine,July,18-Jul,1,0,0,0,0,0
Contract 18,Fall 2019 ,Maine,August,18-Aug,2,0,0,0,0,0
Contract 18,Fall 2019 ,Maine,September,18-Sep,15,6,1,6,1,1
Contract 18,Fall 2019 ,Massachusetts,October,18-Oct,10,2,0,2,0,0
Contract 18,Fall 2019 ,Massachusetts,November,17-Nov,9,0,1,0,0,0
Contract 18,Fall 2019 ,Massachusetts,November,18-Nov,1,0,0,0,0,0
Contract 18,Fall 2019 ,Massachusetts,December,17-Dec,4,0,0,0,0,0
Contract 18,Fall 2019 ,Massachusetts,February,18-Feb,20,1,0,1,0,0
Contract 18,Fall 2019 ,Massachusetts,March,18-Mar,6,0,0,0,0,0
Contract 18,Fall 2019 ,Massachusetts,April,18-Apr,10,0,1,0,0,0
Contract 18,Fall 2019 ,Massachusetts,May,18-May,10,1,0,1,0,0
Contract 18,Fall 2019 ,Massachusetts,June,18-Jun,7,0,0,0,0,0
Contract 18,Fall 2019 ,Massachusetts,July,18-Jul,4,0,0,0,0,0
Contract 18,Fall 2019 ,Massachusetts,August,18-Aug,2,1,0,1,0,0
Contract 18,Fall 2019 ,Massachusetts,September,18-Sep,9,0,0,0,0,0
Contract 18,Fall 2019 ,New Hampshire,October,18-Oct,7,1,0,1,1,1
Contract 18,Fall 2019 ,New Hampshire,November,17-Nov,1,0,0,0,0,0
Contract 18,Fall 2019 ,New Hampshire,February,18-Feb,11,2,0,2,1,1
Contract 18,Fall 2019 ,New Hampshire,March,18-Mar,2,0,0,0,0,0
Contract 18,Fall 2019 ,New Hampshire,April,18-Apr,3,0,0,0,0,0
Contract 18,Fall 2019 ,New Hampshire,May,18-May,1,0,0,0,0,0
Contract 18,Fall 2019 ,New Hampshire,June,18-Jun,1,0,0,0,0,0
Contract 18,Fall 2019 ,New Hampshire,July,18-Jul,1,0,0,0,0,0
Contract 18,Fall 2019 ,New Hampshire,August,18-Aug,2,0,0,0,0,0
Contract 18,Fall 2019 ,New Hampshire,September,18-Sep,3,0,0,0,0,0
Contract 18,Fall 2019 ,New York,October,18-Oct,7,0,0,0,0,0
Contract 18,Fall 2019 ,New York,November,17-Nov,4,0,0,0,0,0
Contract 18,Fall 2019 ,New York,December,17-Dec,14,0,0,0,0,0
Contract 18,Fall 2019 ,New York,February,18-Feb,5,0,0,0,0,0
Contract 18,Fall 2019 ,New York,March,18-Mar,8,0,0,0,0,0
Contract 18,Fall 2019 ,New York,April,18-Apr,5,0,0,0,0,0
Contract 18,Fall 2019 ,New York,May,18-May,4,0,0,0,0,0
Contract 18,Fall 2019 ,New York,June,18-Jun,6,0,0,0,0,0
Contract 18,Fall 2019 ,New York,July,18-Jul,10,1,0,1,1,1
Contract 18,Fall 2019 ,New York,August,18-Aug,2,0,0,0,0,0
Contract 18,Fall 2019 ,New York,September,18-Sep,12,0,0,0,0,0
Contract 18,Fall 2019 ,Rhode Island,November,18-Nov,1,0,0,0,0,0
Contract 18,Fall 2019 ,Rhode Island,December,17-Dec,4,0,0,0,0,0
Contract 18,Fall 2019 ,Rhode Island,February,18-Feb,4,1,0,1,0,0
Contract 18,Fall 2019 ,Rhode Island,March,18-Mar,2,0,0,0,0,0
Contract 18,Fall 2019 ,Rhode Island,May,18-May,1,0,0,0,0,0
Contract 18,Fall 2019 ,Rhode Island,June,18-Jun,2,0,0,0,0,0
Contract 18,Fall 2019 ,Rhode Island,July,18-Jul,1,1,0,1,0,0
Contract 18,Fall 2019 ,Rhode Island,September,18-Sep,1,0,0,0,0,0
Contract 18,Fall 2019 ,Vermont,November,17-Nov,1,0,0,0,0,0
Contract 18,Fall 2019 ,Vermont,February,18-Feb,9,2,1,2,0,0
Contract 18,Fall 2019 ,Vermont,May,18-May,1,1,0,1,0,0
Contract 18,Fall 2019 ,Vermont,July,18-Jul,1,0,0,0,0,0
Contract 18,Fall 2019 ,Vermont,August,18-Aug,1,0,0,0,0,0
Contract 18,Fall 2019 ,Vermont,September,18-Sep,1,0,0,0,0,0
Contract 18,Fall 2019 ,Other,October,18-Oct,9,0,1,0,0,0
Contract 18,Fall 2019 ,Other,November,17-Nov,1,0,0,0,0,0
Contract 18,Fall 2019 ,Other,November,18-Nov,1,0,0,0,0,0
Contract 18,Fall 2019 ,Other,March,18-Mar,1,0,0,0,0,0
Contract 18,Fall 2019 ,Other,June,18-Jun,1,0,0,0,0,0
Contract 18,Fall 2019 ,Other,August,18-Aug,3,0,0,0,0,0
Contract 18,Fall 2019 ,Other,September,18-Sep,9,0,0,0,0,0
Contract 18,Fall 2020 ,Connecticut,October,18-Oct,9,0,1,0,0,0
Contract 18,Fall 2020 ,Connecticut,November,17-Nov,3,0,0,0,0,0
Contract 18,Fall 2020 ,Connecticut,November,18-Nov,1,0,0,0,0,0
Contract 18,Fall 2020 ,Connecticut,December,17-Dec,3,0,0,0,0,0
Contract 18,Fall 2020 ,Connecticut,February,18-Feb,8,2,0,2,1,0
Contract 18,Fall 2020 ,Connecticut,March,18-Mar,6,0,0,0,0,0
Contract 18,Fall 2020 ,Connecticut,April,18-Apr,1,0,0,0,0,0
Contract 18,Fall 2020 ,Connecticut,May,18-May,1,0,0,0,0,0
Contract 18,Fall 2020 ,Connecticut,July,18-Jul,1,0,0,0,0,0
Contract 18,Fall 2020 ,Connecticut,August,18-Aug,2,0,0,0,0,0
Contract 18,Fall 2020 ,Connecticut,September,18-Sep,5,0,0,0,0,0
Contract 18,Fall 2020 ,Maine,October,18-Oct,14,5,2,3,1,1
Contract 18,Fall 2020 ,Maine,November,17-Nov,12,0,1,0,0,0
Contract 18,Fall 2020 ,Maine,November,18-Nov,1,0,0,0,0,0
Contract 18,Fall 2020 ,Maine,December,17-Dec,1,0,0,0,0,0
Contract 18,Fall 2020 ,Maine,January,18-Jan,1,0,0,0,0,0
Contract 18,Fall 2020 ,Maine,February,18-Feb,28,14,2,14,8,7
Contract 18,Fall 2020 ,Maine,March,18-Mar,14,2,1,0,0,0
Contract 18,Fall 2020 ,Maine,April,18-Apr,3,0,0,0,0,0
Contract 18,Fall 2020 ,Maine,May,18-May,6,0,1,0,0,0
Contract 18,Fall 2020 ,Maine,June,18-Jun,1,0,0,0,0,0
Contract 18,Fall 2020 ,Maine,July,18-Jul,9,0,1,0,0,0
Contract 18,Fall 2020 ,Maine,August,18-Aug,2,1,0,1,0,0
Contract 18,Fall 2020 ,Maine,September,18-Sep,4,2,0,2,2,0
Contract 18,Fall 2020 ,Massachusetts,October,18-Oct,10,1,0,1,0,0
Contract 18,Fall 2020 ,Massachusetts,November,17-Nov,9,1,0,1,0,0
Contract 18,Fall 2020 ,Massachusetts,November,18-Nov,3,0,0,0,0,0
Contract 18,Fall 2020 ,Massachusetts,December,17-Dec,2,0,0,0,0,0
Contract 18,Fall 2020 ,Massachusetts,February,18-Feb,3,0,0,0,0,0
Contract 18,Fall 2020 ,Massachusetts,March,18-Mar,5,0,0,0,0,0
Contract 18,Fall 2020 ,Massachusetts,April,18-Apr,4,0,0,0,0,0
Contract 18,Fall 2020 ,Massachusetts,May,18-May,5,0,0,0,0,0
Contract 18,Fall 2020 ,Massachusetts,July,18-Jul,2,0,0,0,0,0
Contract 18,Fall 2020 ,Massachusetts,September,18-Sep,7,0,0,0,0,0
Contract 18,Fall 2020 ,New Hampshire,October,18-Oct,8,1,1,1,0,0
Contract 18,Fall 2020 ,New Hampshire,November,17-Nov,1,0,0,0,0,0
Contract 18,Fall 2020 ,New Hampshire,November,18-Nov,1,0,0,0,0,0
Contract 18,Fall 2020 ,New Hampshire,February,18-Feb,2,0,0,0,0,0
Contract 18,Fall 2020 ,New Hampshire,March,18-Mar,4,1,0,1,1,1
Contract 18,Fall 2020 ,New Hampshire,April,18-Apr,1,0,0,0,0,0
Contract 18,Fall 2020 ,New Hampshire,May,18-May,1,0,0,0,0,0
Contract 18,Fall 2020 ,New Hampshire,June,18-Jun,1,0,0,0,0,0
Contract 18,Fall 2020 ,New Hampshire,July,18-Jul,3,0,0,0,0,0
Contract 18,Fall 2020 ,New Hampshire,August,18-Aug,2,0,0,0,0,0
Contract 18,Fall 2020 ,New Hampshire,September,18-Sep,5,0,0,0,0,0
Contract 18,Fall 2020 ,New York,October,18-Oct,5,0,0,0,0,0
Contract 18,Fall 2020 ,New York,November,17-Nov,9,0,0,0,0,0
Contract 18,Fall 2020 ,New York,December,17-Dec,4,0,0,0,0,0
Contract 18,Fall 2020 ,New York,February,18-Feb,3,0,0,0,0,0
Contract 18,Fall 2020 ,New York,March,18-Mar,4,0,0,0,0,0
Contract 18,Fall 2020 ,New York,April,18-Apr,6,0,0,0,0,0
Contract 18,Fall 2020 ,New York,May,18-May,9,0,0,0,0,0
Contract 18,Fall 2020 ,New York,June,18-Jun,2,0,0,0,0,0
Contract 18,Fall 2020 ,New York,July,18-Jul,1,0,0,0,0,0
Contract 18,Fall 2020 ,New York,August,18-Aug,2,0,0,0,0,0
Contract 18,Fall 2020 ,New York,September,18-Sep,13,0,0,0,0,0
Contract 18,Fall 2020 ,Rhode Island,November,17-Nov,3,0,0,0,0,0
Contract 18,Fall 2020 ,Rhode Island,December,17-Dec,1,0,0,0,0,0
Contract 18,Fall 2020 ,Rhode Island,February,18-Feb,1,1,0,1,0,0
Contract 18,Fall 2020 ,Rhode Island,March,18-Mar,1,0,0,0,0,0
Contract 18,Fall 2020 ,Rhode Island,April,18-Apr,1,0,0,0,0,0
Contract 18,Fall 2020 ,Rhode Island,June,18-Jun,2,0,0,0,0,0
Contract 18,Fall 2020 ,Rhode Island,July,18-Jul,1,0,0,0,0,0
Contract 18,Fall 2020 ,Rhode Island,September,18-Sep,2,0,0,0,0,0
Contract 18,Fall 2020 ,Vermont,October,18-Oct,1,0,0,0,0,0
Contract 18,Fall 2020 ,Vermont,February,18-Feb,1,1,0,1,0,0
Contract 18,Fall 2020 ,Vermont,June,18-Jun,1,0,0,0,0,0
Contract 18,Fall 2020 ,Vermont,July,18-Jul,1,0,0,0,0,0
Contract 18,Fall 2020 ,Other,October,18-Oct,4,1,0,1,0,0
Contract 18,Fall 2020 ,Other,November,18-Nov,1,1,0,1,0,0
Contract 18,Fall 2020 ,Other,December,17-Dec,1,0,0,0,0,0
Contract 18,Fall 2020 ,Other,January,18-Jan,1,1,0,1,0,0
Contract 18,Fall 2020 ,Other,February,18-Feb,3,0,0,0,0,0
Contract 18,Fall 2020 ,Other,March,18-Mar,2,0,0,0,0,0
Contract 18,Fall 2020 ,Other,May,18-May,3,2,0,2,0,0
Contract 18,Fall 2020 ,Other,June,18-Jun,1,0,0,0,0,0
Contract 18,Fall 2020 ,Other,July,18-Jul,1,0,0,0,0,0
Contract 18,Fall 2020 ,Other,August,18-Aug,1,1,0,1,0,0
Contract 18,Fall 2020 ,Other,September,18-Sep,4,1,0,1,1,1
Contract 18,Fall 2021,Maine,October,18-Oct,12,0,0,0,0,0
Contract 18,Fall 2021,Maine,November,18-Nov,2,0,0,0,0,0
Contract 18,Fall 2021,Maine,April,18-Apr,1,0,0,0,0,0
Contract 18,Fall 2021,Massachusetts,October,18-Oct,2,0,0,0,0,0
Contract 18,Fall 2021,Massachusetts,November,18-Nov,1,0,0,0,0,0
Contract 18,Fall 2021,New Hampshire,October,18-Oct,1,0,0,0,0,0
Contract 18,Fall 2021,New York,October,18-Oct,5,0,0,0,0,0
Contract 18,Fall 2021,New York,September,18-Sep,1,0,0,0,0,0
Contract 18,Fall 2021,Rhode Island,October,18-Oct,1,0,0,0,0,0
Contract 18,Unsure Start,Connecticut,February,18-Feb,1,0,0,0,0,0
Contract 18,Unsure Start,Connecticut,March,18-Mar,1,0,0,0,0,0
Contract 18,Unsure Start,Connecticut,April,18-Apr,1,0,0,0,0,0
Contract 18,Unsure Start,Connecticut,July,18-Jul,2,0,0,0,0,0
Contract 18,Unsure Start,Maine,October,18-Oct,2,0,0,0,0,0
Contract 18,Unsure Start,Maine,February,18-Feb,1,0,0,0,0,0
Contract 18,Unsure Start,Maine,March,18-Mar,1,0,0,0,0,0
Contract 18,Unsure Start,Maine,July,18-Jul,1,0,0,0,0,0
Contract 18,Unsure Start,Massachusetts,February,18-Feb,2,0,0,0,0,0
Contract 18,Unsure Start,Massachusetts,March,18-Mar,2,0,0,0,0,0
Contract 18,Unsure Start,Massachusetts,July,18-Jul,5,0,0,0,0,0
Contract 18,Unsure Start,New Hampshire,February,18-Feb,1,0,0,0,0,0
Contract 18,Unsure Start,New Hampshire,July,18-Jul,2,0,0,0,0,0
Contract 18,Unsure Start,New York,March,18-Mar,4,0,0,0,0,0
Contract 18,Unsure Start,New York,July,18-Jul,8,0,0,0,0,0
Contract 18,Unsure Start,Other,November,18-Nov,1,0,0,0,0,0
Contract 18,Unsure Start,Other,March,18-Mar,1,0,0,0,0,0
Contract 18,Unsure Start,Other,April,18-Apr,4,0,0,0,0,0
Contract 18,Unsure Start,Other,May,18-May,1,0,0,0,0,0
Contract 18,Unsure Start,Other,June,18-Jun,3,0,0,0,0,0
Contract 18,Unsure Start,Other,July,18-Jul,3,0,0,0,0,0
Contract 18,Unsure Start,Other,September,18-Sep,1,0,0,0,0,0
Contract 19,Fall 2016 ,Maine,December,18-Dec,1,0,0,0,0,0
Contract 19,Fall 2016 ,Other,September,19-Sep,1,0,0,0,0,0
Contract 19,Fall 2017 ,Massachusetts,March,19-Mar,1,0,0,0,0,0
Contract 19,Fall 2017 ,Other,October,19-Oct,1,0,0,0,0,0
Contract 19,Fall 2017 ,Other,February,19-Feb,1,0,0,0,0,0
Contract 19,Fall 2018,Vermont,June,19-Jun,1,0,0,0,0,0
Contract 19,Fall 2018,Other,October,19-Oct,1,0,0,0,0,0
Contract 19,Fall 2018,Other,December,18-Dec,2,0,0,0,0,0
Contract 19,Fall 2018,Other,February,19-Feb,1,0,0,0,0,0
Contract 19,Fall 2018,Other,March,19-Mar,2,0,0,0,0,0
Contract 19,Fall 2019 ,Connecticut,December,18-Dec,3,1,0,1,0,0
Contract 19,Fall 2019 ,Connecticut,January,19-Jan,4,0,0,0,0,0
Contract 19,Fall 2019 ,Connecticut,February,19-Feb,1,0,0,0,0,0
Contract 19,Fall 2019 ,Connecticut,April,19-Apr,2,0,0,0,0,0
Contract 19,Fall 2019 ,Maine,November,18-Nov,2,0,0,0,0,0
Contract 19,Fall 2019 ,Maine,December,18-Dec,4,0,0,0,0,0
Contract 19,Fall 2019 ,Maine,January,19-Jan,7,1,0,1,1,1
Contract 19,Fall 2019 ,Maine,February,19-Feb,5,0,0,0,0,0
Contract 19,Fall 2019 ,Maine,March,19-Mar,4,0,0,0,0,0
Contract 19,Fall 2019 ,Maine,April,19-Apr,1,0,0,0,0,0
Contract 19,Fall 2019 ,Massachusetts,November,18-Nov,2,1,0,1,0,0
Contract 19,Fall 2019 ,Massachusetts,December,18-Dec,3,0,0,0,0,0
Contract 19,Fall 2019 ,Massachusetts,January,19-Jan,1,0,0,0,0,0
Contract 19,Fall 2019 ,Massachusetts,February,19-Feb,2,0,0,0,0,0
Contract 19,Fall 2019 ,Massachusetts,April,19-Apr,1,0,0,0,0,0
Contract 19,Fall 2019 ,New Hampshire,December,18-Dec,1,0,0,0,0,0
Contract 19,Fall 2019 ,New Hampshire,January,19-Jan,3,0,0,0,0,0
Contract 19,Fall 2019 ,New Hampshire,February,19-Feb,1,0,0,0,0,0
Contract 19,Fall 2019 ,New York,November,18-Nov,6,0,0,0,0,0
Contract 19,Fall 2019 ,New York,December,18-Dec,2,0,0,0,0,0
Contract 19,Fall 2019 ,New York,January,19-Jan,5,0,0,0,0,0
Contract 19,Fall 2019 ,New York,February,19-Feb,5,0,0,0,0,0
Contract 19,Fall 2019 ,New York,March,19-Mar,1,0,0,0,0,0
Contract 19,Fall 2019 ,New York,April,19-Apr,2,0,0,0,0,0
Contract 19,Fall 2019 ,New York,June,19-Jun,1,0,0,0,0,0
Contract 19,Fall 2019 ,Rhode Island,November,18-Nov,1,1,0,1,1,0
Contract 19,Fall 2019 ,Rhode Island,April,19-Apr,1,0,0,0,0,0
Contract 19,Fall 2019 ,Vermont,December,18-Dec,1,0,0,0,0,0
Contract 19,Fall 2019 ,Vermont,January,19-Jan,2,0,0,0,0,0
Contract 19,Fall 2019 ,Vermont,February,19-Feb,1,0,0,0,0,0
Contract 19,Fall 2019 ,Vermont,March,19-Mar,1,0,0,0,0,0
Contract 19,Fall 2019 ,Other,November,18-Nov,3,0,0,0,0,0
Contract 19,Fall 2019 ,Other,December,18-Dec,1,0,0,0,0,0
Contract 19,Fall 2019 ,Other,January,19-Jan,6,0,0,0,0,0
Contract 19,Fall 2019 ,Other,February,19-Feb,3,0,0,0,0,0
Contract 19,Fall 2019 ,Other,April,19-Apr,1,0,0,0,0,0
Contract 19,Fall 2019 ,Other,June,19-Jun,1,0,0,0,0,0
Contract 19,Fall 2019 ,Other,July,19-Jul,4,0,0,0,0,0
Contract 19,Fall 2019 ,Other,August,19-Aug,3,0,0,0,0,0
Contract 19,Fall 2020 ,Connecticut,October,19-Oct,11,1,0,0,0,0
Contract 19,Fall 2020 ,Connecticut,December,18-Dec,2,0,0,0,0,0
Contract 19,Fall 2020 ,Connecticut,January,19-Jan,5,0,0,0,0,0
Contract 19,Fall 2020 ,Connecticut,February,19-Feb,3,0,0,0,0,0
Contract 19,Fall 2020 ,Connecticut,March,19-Mar,3,1,0,1,1,1
Contract 19,Fall 2020 ,Connecticut,April,19-Apr,6,0,0,0,0,0
Contract 19,Fall 2020 ,Connecticut,May,19-May,3,0,0,0,0,0
Contract 19,Fall 2020 ,Connecticut,June,19-Jun,1,0,0,0,0,0
Contract 19,Fall 2020 ,Connecticut,July,19-Jul,3,0,0,0,0,0
Contract 19,Fall 2020 ,Connecticut,August,19-Aug,2,0,0,0,0,0
Contract 19,Fall 2020 ,Connecticut,September,19-Sep,3,0,0,0,0,0
Contract 19,Fall 2020 ,Maine,October,19-Oct,77,0,2,0,0,0
Contract 19,Fall 2020 ,Maine,November,18-Nov,8,2,2,2,0,0
Contract 19,Fall 2020 ,Maine,December,18-Dec,5,1,0,1,1,1
Contract 19,Fall 2020 ,Maine,January,19-Jan,18,3,2,2,1,1
Contract 19,Fall 2020 ,Maine,February,19-Feb,63,5,14,0,0,0
Contract 19,Fall 2020 ,Maine,March,19-Mar,7,0,1,0,0,0
Contract 19,Fall 2020 ,Maine,April,19-Apr,17,2,1,0,0,0
Contract 19,Fall 2020 ,Maine,May,19-May,24,2,4,0,0,0
Contract 19,Fall 2020 ,Maine,June,19-Jun,5,0,0,0,0,0
Contract 19,Fall 2020 ,Maine,July,19-Jul,2,0,0,0,0,0
Contract 19,Fall 2020 ,Maine,August,19-Aug,2,0,0,0,0,0
Contract 19,Fall 2020 ,Maine,September,19-Sep,15,3,1,0,0,0
Contract 19,Fall 2020 ,Massachusetts,October,19-Oct,41,1,3,0,0,0
Contract 19,Fall 2020 ,Massachusetts,November,18-Nov,2,0,0,0,0,0
Contract 19,Fall 2020 ,Massachusetts,December,18-Dec,2,0,0,0,0,0
Contract 19,Fall 2020 ,Massachusetts,January,19-Jan,8,0,0,0,0,0
Contract 19,Fall 2020 ,Massachusetts,February,19-Feb,9,0,1,0,0,0
Contract 19,Fall 2020 ,Massachusetts,March,19-Mar,6,1,0,0,0,0
Contract 19,Fall 2020 ,Massachusetts,April,19-Apr,5,0,1,0,0,0
Contract 19,Fall 2020 ,Massachusetts,May,19-May,4,0,0,0,0,0
Contract 19,Fall 2020 ,Massachusetts,June,19-Jun,2,0,0,0,0,0
Contract 19,Fall 2020 ,Massachusetts,July,19-Jul,4,0,1,0,0,0
Contract 19,Fall 2020 ,Massachusetts,August,19-Aug,3,0,0,0,0,0
Contract 19,Fall 2020 ,Massachusetts,September,19-Sep,9,1,1,0,0,0
Contract 19,Fall 2020 ,New Hampshire,October,19-Oct,21,0,1,0,0,0
Contract 19,Fall 2020 ,New Hampshire,November,18-Nov,1,0,0,0,0,0
Contract 19,Fall 2020 ,New Hampshire,December,18-Dec,2,0,0,0,0,0
Contract 19,Fall 2020 ,New Hampshire,January,19-Jan,6,0,0,0,0,0
Contract 19,Fall 2020 ,New Hampshire,February,19-Feb,4,0,0,0,0,0
Contract 19,Fall 2020 ,New Hampshire,March,19-Mar,3,0,0,0,0,0
Contract 19,Fall 2020 ,New Hampshire,April,19-Apr,13,0,2,0,0,0
Contract 19,Fall 2020 ,New Hampshire,June,19-Jun,2,0,0,0,0,0
Contract 19,Fall 2020 ,New Hampshire,July,19-Jul,1,0,1,0,0,0
Contract 19,Fall 2020 ,New Hampshire,August,19-Aug,3,0,0,0,0,0
Contract 19,Fall 2020 ,New Hampshire,September,19-Sep,2,0,1,0,0,0
Contract 19,Fall 2020 ,New York,October,19-Oct,43,0,0,0,0,0
Contract 19,Fall 2020 ,New York,November,18-Nov,2,0,0,0,0,0
Contract 19,Fall 2020 ,New York,January,19-Jan,7,0,0,0,0,0
Contract 19,Fall 2020 ,New York,February,19-Feb,9,0,0,0,0,0
Contract 19,Fall 2020 ,New York,March,19-Mar,1,0,0,0,0,0
Contract 19,Fall 2020 ,New York,April,19-Apr,6,0,0,0,0,0
Contract 19,Fall 2020 ,New York,May,19-May,2,0,0,0,0,0
Contract 19,Fall 2020 ,New York,June,19-Jun,3,0,0,0,0,0
Contract 19,Fall 2020 ,New York,August,19-Aug,5,0,0,0,0,0
Contract 19,Fall 2020 ,New York,September,19-Sep,5,0,1,0,0,0
Contract 19,Fall 2020 ,Rhode Island,October,19-Oct,8,1,2,0,0,0
Contract 19,Fall 2020 ,Rhode Island,November,18-Nov,1,1,0,1,0,0
Contract 19,Fall 2020 ,Rhode Island,April,19-Apr,1,0,0,0,0,0
Contract 19,Fall 2020 ,Rhode Island,May,19-May,1,0,0,0,0,0
Contract 19,Fall 2020 ,Rhode Island,June,19-Jun,2,0,0,0,0,0
Contract 19,Fall 2020 ,Rhode Island,September,19-Sep,3,0,0,0,0,0
Contract 19,Fall 2020 ,Vermont,October,19-Oct,5,0,0,0,0,0
Contract 19,Fall 2020 ,Vermont,February,19-Feb,1,0,0,0,0,0
Contract 19,Fall 2020 ,Vermont,March,19-Mar,1,0,0,0,0,0
Contract 19,Fall 2020 ,Vermont,April,19-Apr,1,0,0,0,0,0
Contract 19,Fall 2020 ,Vermont,June,19-Jun,1,0,0,0,0,0
Contract 19,Fall 2020 ,Vermont,July,19-Jul,1,0,1,0,0,0
Contract 19,Fall 2020 ,Vermont,August,19-Aug,3,0,0,0,0,0
Contract 19,Fall 2020 ,Vermont,September,19-Sep,3,0,0,0,0,0
Contract 19,Fall 2020 ,Other,October,19-Oct,330,2,1,1,0,0
Contract 19,Fall 2020 ,Other,November,18-Nov,4,2,0,2,0,0
Contract 19,Fall 2020 ,Other,December,18-Dec,3,0,2,0,0,0
Contract 19,Fall 2020 ,Other,January,19-Jan,6,4,0,4,0,0
Contract 19,Fall 2020 ,Other,February,19-Feb,2,0,0,0,0,0
Contract 19,Fall 2020 ,Other,March,19-Mar,1,0,1,0,0,0
Contract 19,Fall 2020 ,Other,April,19-Apr,3,0,0,0,0,0
Contract 19,Fall 2020 ,Other,May,19-May,2,2,0,1,1,1
Contract 19,Fall 2020 ,Other,June,19-Jun,2,1,0,0,0,0
Contract 19,Fall 2020 ,Other,August,19-Aug,1,0,0,0,0,0
Contract 19,Fall 2020 ,Other,September,19-Sep,10,1,0,0,0,0
Contract 19,Fall 2021,Connecticut,October,19-Oct,11,0,0,0,0,0
Contract 19,Fall 2021,Connecticut,November,18-Nov,1,0,0,0,0,0
Contract 19,Fall 2021,Connecticut,January,19-Jan,2,0,0,0,0,0
Contract 19,Fall 2021,Connecticut,February,19-Feb,3,0,0,0,0,0
Contract 19,Fall 2021,Connecticut,March,19-Mar,2,0,0,0,0,0
Contract 19,Fall 2021,Connecticut,April,19-Apr,1,0,0,0,0,0
Contract 19,Fall 2021,Connecticut,May,19-May,1,0,0,0,0,0
Contract 19,Fall 2021,Connecticut,June,19-Jun,1,0,0,0,0,0
Contract 19,Fall 2021,Connecticut,September,19-Sep,1,0,0,0,0,0
Contract 19,Fall 2021,Maine,October,19-Oct,21,0,0,0,0,0
Contract 19,Fall 2021,Maine,November,18-Nov,2,0,0,0,0,0
Contract 19,Fall 2021,Maine,January,19-Jan,4,0,0,0,0,0
Contract 19,Fall 2021,Maine,February,19-Feb,7,0,0,0,0,0
Contract 19,Fall 2021,Maine,March,19-Mar,2,0,0,0,0,0
Contract 19,Fall 2021,Maine,April,19-Apr,7,0,0,0,0,0
Contract 19,Fall 2021,Maine,May,19-May,1,0,0,0,0,0
Contract 19,Fall 2021,Maine,June,19-Jun,2,0,0,0,0,0
Contract 19,Fall 2021,Maine,July,19-Jul,1,0,0,0,0,0
Contract 19,Fall 2021,Maine,August,19-Aug,2,0,0,0,0,0
Contract 19,Fall 2021,Maine,September,19-Sep,4,0,0,0,0,0
Contract 19,Fall 2021,Massachusetts,October,19-Oct,21,0,0,0,0,0
Contract 19,Fall 2021,Massachusetts,December,18-Dec,2,0,0,0,0,0
Contract 19,Fall 2021,Massachusetts,January,19-Jan,1,0,0,0,0,0
Contract 19,Fall 2021,Massachusetts,February,19-Feb,3,0,0,0,0,0
Contract 19,Fall 2021,Massachusetts,March,19-Mar,3,0,0,0,0,0
Contract 19,Fall 2021,Massachusetts,June,19-Jun,5,0,0,0,0,0
Contract 19,Fall 2021,Massachusetts,July,19-Jul,2,0,0,0,0,0
Contract 19,Fall 2021,Massachusetts,August,19-Aug,1,0,0,0,0,0
Contract 19,Fall 2021,Massachusetts,September,19-Sep,1,0,0,0,0,0
Contract 19,Fall 2021,New Hampshire,October,19-Oct,8,0,0,0,0,0
Contract 19,Fall 2021,New Hampshire,January,19-Jan,2,0,0,0,0,0
Contract 19,Fall 2021,New Hampshire,February,19-Feb,3,0,0,0,0,0
Contract 19,Fall 2021,New Hampshire,April,19-Apr,2,0,0,0,0,0
Contract 19,Fall 2021,New Hampshire,May,19-May,2,0,0,0,0,0
Contract 19,Fall 2021,New Hampshire,June,19-Jun,1,0,0,0,0,0
Contract 19,Fall 2021,New Hampshire,July,19-Jul,1,0,0,0,0,0
Contract 19,Fall 2021,New Hampshire,August,19-Aug,2,0,0,0,0,0
Contract 19,Fall 2021,New York,October,19-Oct,15,0,0,0,0,0
Contract 19,Fall 2021,New York,November,18-Nov,3,0,0,0,0,0
Contract 19,Fall 2021,New York,January,19-Jan,4,0,0,0,0,0
Contract 19,Fall 2021,New York,February,19-Feb,1,0,0,0,0,0
Contract 19,Fall 2021,New York,April,19-Apr,5,0,0,0,0,0
Contract 19,Fall 2021,New York,June,19-Jun,3,0,0,0,0,0
Contract 19,Fall 2021,New York,July,19-Jul,4,0,0,0,0,0
Contract 19,Fall 2021,New York,August,19-Aug,3,0,0,0,0,0
Contract 19,Fall 2021,New York,September,19-Sep,1,0,0,0,0,0
Contract 19,Fall 2021,Rhode Island,October,19-Oct,1,0,0,0,0,0
Contract 19,Fall 2021,Rhode Island,November,18-Nov,1,0,0,0,0,0
Contract 19,Fall 2021,Rhode Island,February,19-Feb,1,0,0,0,0,0
Contract 19,Fall 2021,Rhode Island,March,19-Mar,1,0,0,0,0,0
Contract 19,Fall 2021,Rhode Island,June,19-Jun,1,0,0,0,0,0
Contract 19,Fall 2021,Vermont,October,19-Oct,3,0,0,0,0,0
Contract 19,Fall 2021,Vermont,January,19-Jan,1,0,0,0,0,0
Contract 19,Fall 2021,Vermont,April,19-Apr,1,0,0,0,0,0
Contract 19,Fall 2021,Vermont,August,19-Aug,1,0,0,0,0,0
Contract 19,Fall 2021,Other,October,19-Oct,76,0,0,0,0,0
Contract 19,Fall 2021,Other,November,18-Nov,1,0,0,0,0,0
Contract 19,Fall 2021,Other,September,19-Sep,1,0,0,0,0,0
Contract 19,Fall 2022,Connecticut,October,19-Oct,4,0,0,0,0,0
Contract 19,Fall 2022,Maine,October,19-Oct,7,0,0,0,0,0
Contract 19,Fall 2022,Maine,September,19-Sep,1,0,0,0,0,0
Contract 19,Fall 2022,Massachusetts,October,19-Oct,1,0,0,0,0,0
Contract 19,Fall 2022,New Hampshire,October,19-Oct,2,0,0,0,0,0
Contract 19,Fall 2022,New Hampshire,July,19-Jul,1,0,0,0,0,0
Contract 19,Fall 2022,New Hampshire,September,19-Sep,1,0,0,0,0,0
Contract 19,Fall 2022,New York,October,19-Oct,4,0,0,0,0,0
Contract 19,Fall 2022,New York,July,19-Jul,1,0,0,0,0,0
Contract 19,Fall 2022,New York,August,19-Aug,1,0,0,0,0,0
Contract 19,Fall 2022,Rhode Island,October,19-Oct,2,0,0,0,0,0
Contract 19,Fall 2022,Vermont,October,19-Oct,1,0,0,0,0,0
Contract 19,Fall 2022,Other,October,19-Oct,18,0,0,0,0,0
Contract 19,Fall 2022,Other,February,19-Feb,1,0,0,0,0,0
Contract 19,Fall 2023,Maine,October,19-Oct,1,0,0,0,0,0
Contract 19,Fall 2023,New York,October,19-Oct,1,0,0,0,0,0
Contract 19,Fall 2023,Other,October,19-Oct,6,0,0,0,0,0
Contract 19,Fall 2023,Other,February,19-Feb,1,0,0,0,0,0
Contract 19,Fall 2024,Other,October,19-Oct,1,0,0,0,0,0
Contract 19,Unsure Start,Massachusetts,April,19-Apr,1,0,0,0,0,0
Contract 19,Unsure Start,Massachusetts,September,19-Sep,1,0,0,0,0,0
Contract 19,Unsure Start,Other,October,19-Oct,2,0,0,0,0,0
Contract 19,Unsure Start,Other,December,18-Dec,1,0,0,0,0,0
Contract 19,Unsure Start,Other,February,19-Feb,1,0,0,0,0,0
Contract 19,Unsure Start,Other,March,19-Mar,2,0,0,0,0,0
Contract 19,Unsure Start,Other,April,19-Apr,1,0,0,0,0,0
Contract 20,Fall 2020 ,Maine,November,19-Nov,6,0,0,0,0,0
Contract 20,Fall 2020 ,Massachusetts,November,19-Nov,1,0,0,0,0,0
Contract 20,Fall 2020 ,Vermont,November,19-Nov,1,0,0,0,0,0
Contract 20,Fall 2020 ,Other,November,19-Nov,1,0,0,0,0,0
Contract 20,Fall 2021,Massachusetts,November,19-Nov,3,0,0,0,0,0
Contract 20,Fall 2022,Maine,November,19-Nov,2,0,0,0,0,0
Contract 20,Fall 2022,New York,November,19-Nov,1,0,0,0,0,0
